"gene","module","MM","p_MM","GS_AGE","p_GS_AGE","abs_MM","abs_GS_AGE","rank_in_module"
"ENSG00000213903.9","greenyellow",0.888690328216118,1.43246141206272e-278,0.316660153159902,1.65115303499224e-20,0.888690328216118,0.316660153159902,1
"ENSG00000204410.16","greenyellow",0.799085901683392,1.70801665128809e-182,0.29775185006286,3.2898290728677e-18,0.799085901683392,0.29775185006286,2
"ENSG00000140688.17","greenyellow",0.79551634473466,1.0068716859826e-179,0.284997183241554,9.43975430082151e-17,0.79551634473466,0.284997183241554,3
"ENSG00000170919.16","greenyellow",0.792252435253589,3.07831627211352e-177,0.278580021432576,4.79375448636444e-16,0.792252435253589,0.278580021432576,4
"ENSG00000160781.17","greenyellow",0.789742726269373,2.33961077449166e-175,0.307971881862338,1.97315090909419e-19,0.789742726269373,0.307971881862338,5
"ENSG00000138834.15","greenyellow",0.789337404736131,4.68257039703147e-175,0.319714101082891,6.76950188275717e-21,0.789337404736131,0.319714101082891,6
"ENSG00000108474.17","greenyellow",0.786807365936996,3.43984366175401e-173,0.236193281345372,7.80963474760311e-12,0.786807365936996,0.236193281345372,7
"ENSG00000184441.4","greenyellow",0.769114031351228,8.13166451244929e-161,0.282411238071631,1.82623619006237e-16,0.769114031351228,0.282411238071631,8
"ENSG00000163257.11","greenyellow",0.763457672264191,4.31073706695747e-157,0.278633277082324,4.73036431567516e-16,0.763457672264191,0.278633277082324,9
"ENSG00000127415.13","greenyellow",0.760869863996727,2.01273917826845e-155,0.312462562270084,5.53049973110178e-20,0.760869863996727,0.312462562270084,10
"ENSG00000213906.10","greenyellow",0.758538777938597,6.15638081548329e-154,0.270211641628516,3.74586654871987e-15,0.758538777938597,0.270211641628516,11
"ENSG00000260261.2","greenyellow",0.752839118801758,2.24567008993626e-150,0.264148245927618,1.5898051241063e-14,0.752839118801758,0.264148245927618,12
"ENSG00000244560.7","greenyellow",0.747548551835538,3.7291345780293e-147,0.281452862236874,2.32815850202245e-16,0.747548551835538,0.281452862236874,13
"ENSG00000167992.14","greenyellow",0.741367969935658,1.71088685142596e-143,0.371684306273727,3.37927672983232e-28,0.741367969935658,0.371684306273727,14
"ENSG00000182841.13","greenyellow",0.74093566229267,3.05781386641307e-143,0.293096021333581,1.14257641731005e-17,0.74093566229267,0.293096021333581,15
"ENSG00000226696.7","greenyellow",0.737871313882742,1.81410172877742e-141,0.237420983121681,6.04390971277977e-12,0.737871313882742,0.237420983121681,16
"ENSG00000203761.5","greenyellow",0.736740242908939,8.07037598168786e-141,0.276331577814602,8.38706901148186e-16,0.736740242908939,0.276331577814602,17
"ENSG00000229152.2","greenyellow",0.73523184777,5.83680774556601e-140,0.322680355937556,2.8193821437615e-21,0.73523184777,0.322680355937556,18
"ENSG00000263272.1","greenyellow",0.73238341374356,2.35960603194408e-138,0.198160933012807,1.09287428397442e-08,0.73238341374356,0.198160933012807,19
"ENSG00000167615.17","greenyellow",0.727519939567509,1.17172798877161e-135,0.285125171466268,9.13478004794633e-17,0.727519939567509,0.285125171466268,20
"ENSG00000127586.17","greenyellow",0.726038817992057,7.5557886619589e-135,0.30160060866659,1.15522730041364e-18,0.726038817992057,0.30160060866659,21
"ENSG00000103269.14","greenyellow",0.724494090769799,5.21003212781298e-134,0.307678739660999,2.14234572688408e-19,0.724494090769799,0.307678739660999,22
"ENSG00000116032.5","greenyellow",0.713493549600411,3.36470964396146e-128,0.250812251749198,3.36058099385549e-13,0.713493549600411,0.250812251749198,23
"ENSG00000226005.6","greenyellow",0.712294292909934,1.39238064276393e-127,0.3922216069798,1.78088972171752e-31,0.712294292909934,0.3922216069798,24
"ENSG00000236144.9","greenyellow",0.711629951213891,3.04847990674923e-127,0.116464723027778,0.000846143320473254,0.711629951213891,0.116464723027778,25
"ENSG00000260404.4","greenyellow",0.711071645163522,5.87951551943837e-127,0.293568895753421,1.00790501323448e-17,0.711071645163522,0.293568895753421,26
"ENSG00000100031.19","greenyellow",0.709415299130616,4.0891615288829e-126,0.318140983495448,1.07295360172744e-20,0.709415299130616,0.318140983495448,27
"ENSG00000231443.2","greenyellow",0.709001335898553,6.62548012607558e-126,0.202499311944946,5.11435836332501e-09,0.709001335898553,0.202499311944946,28
"ENSG00000258839.4","greenyellow",0.70589190687815,2.41964873380901e-124,0.212923924009987,7.69324877625475e-10,0.70589190687815,0.212923924009987,29
"ENSG00000066651.20","greenyellow",0.701231966081609,4.86855325398823e-122,0.194968307826859,1.89046609483794e-08,0.701231966081609,0.194968307826859,30
"ENSG00000164077.15","red",0.855685252326261,1.15341718741094e-235,-0.365131503853538,3.35969321162778e-27,0.855685252326261,0.365131503853538,1
"ENSG00000196182.11","red",0.849018504913765,2.68999154993754e-228,-0.347471820845285,1.26413967893366e-24,0.849018504913765,0.347471820845285,2
"ENSG00000168000.16","red",0.842055862327795,5.66730955884762e-221,-0.32331731435471,2.33299664871913e-21,0.842055862327795,0.32331731435471,3
"ENSG00000101084.19","red",0.828274488013281,1.79078045075048e-207,-0.341661370471259,8.20497687515503e-24,0.828274488013281,0.341661370471259,4
"ENSG00000204560.10","red",0.823277353345095,7.1334756041836e-203,-0.297024149737693,4.00259003070904e-18,0.823277353345095,0.297024149737693,5
"ENSG00000159461.15","red",0.822654727713528,2.60790658426143e-202,-0.338535050639144,2.20838768680363e-23,0.822654727713528,0.338535050639144,6
"ENSG00000174516.15","red",0.820835652416531,1.11831484781394e-200,-0.271654124380114,2.64143987148101e-15,0.820835652416531,0.271654124380114,7
"ENSG00000126243.9","red",0.819547804643716,1.55951545050913e-199,-0.291055642976653,1.95761906628199e-17,0.819547804643716,0.291055642976653,8
"ENSG00000115216.14","red",0.812840998659954,1.01957939969233e-193,-0.338100573982726,2.53189684351754e-23,0.812840998659954,0.338100573982726,9
"ENSG00000196072.12","red",0.810130912168687,1.95948852564069e-191,-0.330966098607548,2.31703634780243e-22,0.810130912168687,0.330966098607548,10
"ENSG00000100605.17","red",0.806390150435206,2.42462893906902e-188,-0.265868240808662,1.05896571549768e-14,0.806390150435206,0.265868240808662,11
"ENSG00000175166.17","red",0.799568932112739,7.13322801995567e-183,-0.278637407309185,4.72548270562436e-16,0.799568932112739,0.278637407309185,12
"ENSG00000125817.8","red",0.796276712018753,2.61498912112041e-180,-0.296710739148461,4.35458474486079e-18,0.796276712018753,0.296710739148461,13
"ENSG00000143443.10","red",0.7944202587114,6.96032022745308e-179,-0.337786915552492,2.79414145135295e-23,0.7944202587114,0.337786915552492,14
"ENSG00000110025.13","red",0.794322194517366,8.26992727183142e-179,-0.310674255330383,9.20200427590556e-20,0.794322194517366,0.310674255330383,15
"ENSG00000116809.12","red",0.793861457571298,1.856653801945e-178,-0.275975880590784,9.15876315946253e-16,0.793861457571298,0.275975880590784,16
"ENSG00000079999.14","red",0.793512012565789,3.42390612092922e-178,-0.307443415164757,2.28845623546422e-19,0.793512012565789,0.307443415164757,17
"ENSG00000070010.19","red",0.792970729568532,8.81479233504138e-178,-0.243584337926498,1.63326433719709e-12,0.792970729568532,0.243584337926498,18
"ENSG00000204070.10","red",0.790253146539313,9.74352945490215e-176,-0.30906814668776,1.44939206923103e-19,0.790253146539313,0.30906814668776,19
"ENSG00000108344.15","red",0.786639968241416,4.56147582905554e-173,-0.240520773033502,3.14405981240236e-12,0.786639968241416,0.240520773033502,20
"ENSG00000137309.20","red",0.782798292252025,2.7661692275569e-170,-0.350593495837069,4.55296304775241e-25,0.782798292252025,0.350593495837069,21
"ENSG00000104853.16","red",0.78128735204486,3.31763904098227e-169,-0.222227526387197,1.30428620956438e-10,0.78128735204486,0.222227526387197,22
"ENSG00000131408.15","red",0.776544055711363,7.12439067651296e-166,-0.321688365336486,3.78305382728152e-21,0.776544055711363,0.321688365336486,23
"ENSG00000115233.12","red",0.775019830543248,8.05482296241682e-165,-0.321600842844236,3.88226844534291e-21,0.775019830543248,0.321600842844236,24
"ENSG00000204315.4","red",0.772063147701797,8.42939138891264e-163,-0.266891851310128,8.30340568603761e-15,0.772063147701797,0.266891851310128,25
"ENSG00000198925.12","red",0.770339163084615,1.22866162023238e-161,-0.228270189376807,3.94537279697771e-11,0.770339163084615,0.228270189376807,26
"ENSG00000148300.12","red",0.76924421565004,6.6559104257816e-161,-0.31981316734837,6.57537491059233e-21,0.76924421565004,0.31981316734837,27
"ENSG00000105171.10","red",0.766878697522235,2.48114408241509e-159,-0.27401893961655,1.48303005799788e-15,0.766878697522235,0.27401893961655,28
"ENSG00000085998.15","red",0.766203068069669,6.91923298697973e-159,-0.226992721817358,5.09454069318801e-11,0.766203068069669,0.226992721817358,29
"ENSG00000032444.17","red",0.764242015524225,1.33161464467171e-157,-0.242275878621317,2.16280758829867e-12,0.764242015524225,0.242275878621317,30
"ENSG00000120057.5","darkgreen",0.897182900363627,7.65894427432028e-292,0.0392972651271139,0.261588628655059,0.897182900363627,0.0392972651271139,1
"ENSG00000100146.19","darkgreen",0.889023210723386,4.53360571574452e-279,0.0812405584003521,0.0201348337620289,0.889023210723386,0.0812405584003521,2
"ENSG00000158887.19","darkgreen",0.882290337477363,2.90857457083921e-269,0.011844724962632,0.735166328297706,0.882290337477363,0.011844724962632,3
"ENSG00000184454.7","darkgreen",0.867007338306397,4.53977956151518e-249,-0.0202991878343215,0.562088010538659,0.867007338306397,0.0202991878343215,4
"ENSG00000249743.7","darkgreen",0.863523113123607,8.13232286787847e-245,0.058692258788129,0.0934410462389516,0.863523113123607,0.058692258788129,5
"ENSG00000102385.13","darkgreen",0.860891398382884,1.1102831833942e-241,0.0419701996542037,0.23050079934482,0.860891398382884,0.0419701996542037,6
"ENSG00000163347.6","darkgreen",0.85788371886388,3.55293682404289e-238,0.0812637378893361,0.0200991929821194,0.85788371886388,0.0812637378893361,7
"ENSG00000181409.14","darkgreen",0.84243856759114,2.29152641028519e-221,0.0496944067622748,0.155608043158263,0.84243856759114,0.0496944067622748,8
"ENSG00000145934.16","darkgreen",0.816683094237923,5.08363478380648e-197,0.115142653249722,0.000969943261365227,0.816683094237923,0.115142653249722,9
"ENSG00000164007.11","darkgreen",0.812196733163384,3.58665309388461e-193,-0.00938418591735842,0.788707205764233,0.812196733163384,0.00938418591735842,10
"ENSG00000275620.1","darkgreen",0.811134607350788,2.8226976276005e-192,0.0756351262724113,0.0305405269887265,0.811134607350788,0.0756351262724113,11
"ENSG00000092758.18","darkgreen",0.809603237872446,5.40161609933505e-191,0.066215372078312,0.0583594969170036,0.809603237872446,0.066215372078312,12
"ENSG00000071991.9","darkgreen",0.809411599667837,7.8004234885017e-191,0.0996733087817856,0.00432438556535643,0.809411599667837,0.0996733087817856,13
"ENSG00000108556.10","darkgreen",0.808322586340839,6.246112384248e-190,0.137839559818453,7.64792309569909e-05,0.808322586340839,0.137839559818453,14
"ENSG00000166897.16","darkgreen",0.79793337755603,1.35865490039565e-181,0.0653027446503621,0.0619237909535306,0.79793337755603,0.0653027446503621,15
"ENSG00000101203.17","darkgreen",0.796342376912565,2.32696081728526e-180,0.182737750775867,1.41869486795315e-07,0.796342376912565,0.182737750775867,16
"ENSG00000175832.13","darkgreen",0.790198382907103,1.07049260089422e-175,0.0736027392532919,0.0353151616045085,0.790198382907103,0.0736027392532919,17
"ENSG00000182853.12","darkgreen",0.787349354635706,1.37701898850852e-173,0.0619961105372498,0.0763737202782273,0.787349354635706,0.0619961105372498,18
"ENSG00000251493.5","darkgreen",0.780516608352247,1.16922498709252e-168,0.12385431277604,0.000384379970858543,0.780516608352247,0.12385431277604,19
"ENSG00000215644.10","darkgreen",0.780051057359759,2.49613357576781e-168,0.0855014164819547,0.0144394332104635,0.780051057359759,0.0855014164819547,20
"ENSG00000163873.10","darkgreen",0.757833615129057,1.71940398165238e-153,0.080512266244199,0.0212830455287253,0.757833615129057,0.080512266244199,21
"ENSG00000165966.16","darkgreen",0.744509013290788,2.42983613768233e-145,0.0399936408552305,0.253223784200578,0.744509013290788,0.0399936408552305,22
"ENSG00000132854.19","darkgreen",0.737662576140149,2.39080989379809e-141,0.0825007349603436,0.0182751999377871,0.737662576140149,0.0825007349603436,23
"ENSG00000160307.10","darkgreen",0.737580535892981,2.66459641520397e-141,0.0890650830356492,0.0108188958988855,0.737580535892981,0.0890650830356492,24
"ENSG00000101144.13","darkgreen",0.736045050167299,2.0121325881475e-140,0.0323950291139132,0.354785682430549,0.736045050167299,0.0323950291139132,25
"ENSG00000179915.25","darkgreen",0.733930936161109,3.18077760346741e-139,0.121830963757736,0.000479169711809117,0.733930936161109,0.121830963757736,26
"ENSG00000170075.10","darkgreen",0.733545882896611,5.24387925553228e-139,0.0476781914844496,0.173097181229324,0.733545882896611,0.0476781914844496,27
"ENSG00000205312.8","darkgreen",0.730847316540417,1.70107122347277e-137,0.184285122470544,1.10743264806128e-07,0.730847316540417,0.184285122470544,28
"ENSG00000105695.15","darkgreen",0.727069968459703,2.06683958512807e-135,0.010156928008427,0.771771482039567,0.727069968459703,0.010156928008427,29
"ENSG00000103089.9","darkgreen",0.726587083196382,3.79548393244948e-135,-0.012291820088207,0.725565604651988,0.726587083196382,0.012291820088207,30
"ENSG00000166033.13","turquoise",0.887532482772471,7.61419363888073e-277,0.30438340806872,5.36746267682312e-19,0.887532482772471,0.30438340806872,1
"ENSG00000035862.12","turquoise",0.880392673749621,1.31739273919943e-266,0.2366571811421,7.0899511229657e-12,0.880392673749621,0.2366571811421,2
"ENSG00000155254.13","turquoise",0.879774763081536,9.43690748978631e-266,0.260156877156268,4.0356497641311e-14,0.879774763081536,0.260156877156268,3
"ENSG00000110811.20","turquoise",0.870112212710686,5.80895862164377e-253,0.253255453253079,1.94684910060444e-13,0.870112212710686,0.253255453253079,4
"ENSG00000127990.19","turquoise",0.860170664463314,7.81328283220746e-241,0.228323426812846,3.90343608115045e-11,0.860170664463314,0.228323426812846,5
"ENSG00000142156.16","turquoise",0.857367370992831,1.39385329849346e-237,0.244314877896316,1.39524951443756e-12,0.857367370992831,0.244314877896316,6
"ENSG00000108821.14","turquoise",0.856736831197645,7.34452450653403e-237,0.221048967014509,1.64033045516559e-10,0.856736831197645,0.221048967014509,7
"ENSG00000142173.16","turquoise",0.856360196673964,1.97437160726033e-236,0.239684683951485,3.75351735120157e-12,0.856360196673964,0.239684683951485,8
"ENSG00000135318.12","turquoise",0.854002432720405,9.04317499471189e-234,0.254653036776847,1.42093998000308e-13,0.854002432720405,0.254653036776847,9
"ENSG00000006042.12","turquoise",0.853663988518219,2.15986221343241e-233,0.207387069348949,2.13014122300581e-09,0.853663988518219,0.207387069348949,10
"ENSG00000121297.8","turquoise",0.852501547245035,4.2252588825367e-232,0.216664912101679,3.80509832306678e-10,0.852501547245035,0.216664912101679,11
"ENSG00000168077.14","turquoise",0.850596367297371,5.2307470032724e-230,0.209444731167978,1.46371260392337e-09,0.850596367297371,0.209444731167978,12
"ENSG00000092096.19","turquoise",0.84743081201096,1.3549917972079e-226,0.25232784874448,2.3968590664599e-13,0.84743081201096,0.25232784874448,13
"ENSG00000134247.10","turquoise",0.847338944830387,1.69759287681818e-226,0.247484607968774,7.00266609828294e-13,0.847338944830387,0.247484607968774,14
"ENSG00000082512.15","turquoise",0.847307053781856,1.83570398656613e-226,0.244955772750921,1.21466767020045e-12,0.847307053781856,0.244955772750921,15
"ENSG00000140937.14","turquoise",0.846504352820555,1.30693565213867e-225,0.268990517268084,5.02657064243172e-15,0.846504352820555,0.268990517268084,16
"ENSG00000160293.17","turquoise",0.844959242851852,5.53908256615794e-224,0.250394025235599,3.68760815771696e-13,0.844959242851852,0.250394025235599,17
"ENSG00000162576.17","turquoise",0.844283449077211,2.81538221069873e-223,0.237398647326097,6.07223630700346e-12,0.844283449077211,0.237398647326097,18
"ENSG00000135046.14","turquoise",0.843979743942765,5.83130459957249e-223,0.239922797461649,3.56905910780941e-12,0.843979743942765,0.239922797461649,19
"ENSG00000134874.18","turquoise",0.842790515486533,9.94371140413749e-222,0.275945900872101,9.22690780121666e-16,0.842790515486533,0.275945900872101,20
"ENSG00000138119.17","turquoise",0.841986305833411,6.67940266535172e-221,0.270758788139936,3.28181386238134e-15,0.841986305833411,0.270758788139936,21
"ENSG00000162636.16","turquoise",0.841650381191789,1.47533068372564e-220,0.167221096216447,1.51513900602429e-06,0.841650381191789,0.167221096216447,22
"ENSG00000164402.14","turquoise",0.840874534661576,9.13424713897675e-220,0.232516704371831,1.66824815776388e-11,0.840874534661576,0.232516704371831,23
"ENSG00000106333.13","turquoise",0.840419732119867,2.64753700011408e-219,0.276585874098521,7.87493254612879e-16,0.840419732119867,0.276585874098521,24
"ENSG00000118495.21","turquoise",0.83859058127862,1.84952929788793e-217,0.175355644688466,4.49320288915449e-07,0.83859058127862,0.175355644688466,25
"ENSG00000115252.18","turquoise",0.837383025801437,2.96460466041259e-216,0.270050437625859,3.89448661707591e-15,0.837383025801437,0.270050437625859,26
"ENSG00000122694.16","turquoise",0.836242392828128,3.99071812592058e-215,0.2054588003225,3.01714541067238e-09,0.836242392828128,0.2054588003225,27
"ENSG00000100842.13","turquoise",0.835135773458538,4.87735273706079e-214,0.22688526611438,5.20490818036441e-11,0.835135773458538,0.22688526611438,28
"ENSG00000050165.19","turquoise",0.835132614887983,4.91219443993229e-214,0.224885486069804,7.74073158515741e-11,0.835132614887983,0.224885486069804,29
"ENSG00000140931.20","turquoise",0.833579629373121,1.59711498360564e-212,0.26502718364569,1.29220024227924e-14,0.833579629373121,0.26502718364569,30
"ENSG00000272037.1","midnightblue",0.824581264438084,4.64587271657378e-204,0.143196712448685,3.94864109005178e-05,0.824581264438084,0.143196712448685,1
"ENSG00000281026.1","midnightblue",0.800384957786534,1.62289740969178e-183,0.232820016078177,1.56775099047697e-11,0.800384957786534,0.232820016078177,2
"ENSG00000227782.2","midnightblue",0.791187781704866,1.94693738144592e-176,0.274480582055811,1.32411313508029e-15,0.791187781704866,0.274480582055811,3
"ENSG00000258559.2","midnightblue",0.781052404004599,4.87337311731289e-169,0.297926362281176,3.13843233863535e-18,0.781052404004599,0.297926362281176,4
"ENSG00000287299.1","midnightblue",0.764946186078026,4.62012554337652e-158,0.235519462977617,8.98379216089376e-12,0.764946186078026,0.235519462977617,5
"ENSG00000250116.2","midnightblue",0.764480428833643,9.30912027288236e-158,0.176489234357273,3.77585677034225e-07,0.764480428833643,0.176489234357273,6
"ENSG00000271533.1","midnightblue",0.725563469863509,1.37068048137758e-134,0.179359066915248,2.41881249485502e-07,0.725563469863509,0.179359066915248,7
"ENSG00000286242.1","midnightblue",0.722867540462394,3.92326521767665e-133,0.183999696497303,1.15938740830844e-07,0.722867540462394,0.183999696497303,8
"ENSG00000133740.11","midnightblue",0.713269405260272,4.39008330131783e-128,0.157484440429917,6.02398041191405e-06,0.713269405260272,0.157484440429917,9
"ENSG00000246451.2","midnightblue",0.712196819833399,1.56225397681102e-127,0.244924520727226,1.22291627704168e-12,0.712196819833399,0.244924520727226,10
"ENSG00000228107.1","midnightblue",0.71185763239389,2.33107990880971e-127,0.121658661342547,0.000488174414497206,0.71185763239389,0.121658661342547,11
"ENSG00000265194.1","midnightblue",0.711197660974107,5.07008406650497e-127,0.264570690496937,1.43920309257328e-14,0.711197660974107,0.264570690496937,12
"ENSG00000272078.1","midnightblue",0.710964198779117,6.67054854594261e-127,0.261089907712845,3.25053596469966e-14,0.710964198779117,0.261089907712845,13
"ENSG00000279700.1","midnightblue",0.70631138319163,1.49333764400095e-124,0.260759023601077,3.51009322296122e-14,0.70631138319163,0.260759023601077,14
"ENSG00000286186.1","midnightblue",0.700115324507628,1.70909112076645e-121,0.244991131169385,1.20540092326528e-12,0.700115324507628,0.244991131169385,15
"ENSG00000279744.1","midnightblue",0.696354643162743,1.12448644676247e-119,0.262306068227034,2.44862513460074e-14,0.696354643162743,0.262306068227034,16
"ENSG00000287134.1","midnightblue",0.694009850803986,1.48035039562787e-118,0.134540431172588,0.000113560243850095,0.694009850803986,0.134540431172588,17
"ENSG00000280378.1","midnightblue",0.683899048511625,7.52046147390785e-114,0.105215660002305,0.00258673437160619,0.683899048511625,0.105215660002305,18
"ENSG00000259820.1","midnightblue",0.678728881300959,1.61943422503692e-111,0.20315465834178,4.55339151255046e-09,0.678728881300959,0.20315465834178,19
"ENSG00000231731.7","midnightblue",0.678448778184273,2.15969866492837e-111,0.0413757340074379,0.237177317980849,0.678448778184273,0.0413757340074379,20
"ENSG00000261669.1","midnightblue",0.67698783018406,9.64416449638613e-111,0.202832197506561,4.82150721013513e-09,0.67698783018406,0.202832197506561,21
"ENSG00000272054.1","midnightblue",0.672588837965031,8.28902554499754e-109,0.162615833118227,2.94003099244815e-06,0.672588837965031,0.162615833118227,22
"ENSG00000276564.1","midnightblue",0.671995321389983,1.5028393633952e-108,0.194454944370436,2.06285582084247e-08,0.671995321389983,0.194454944370436,23
"ENSG00000204380.4","midnightblue",0.670366308094978,7.63967058326858e-108,0.212144165568222,8.89477816727093e-10,0.670366308094978,0.212144165568222,24
"ENSG00000261123.1","midnightblue",0.667177741742389,1.78781170808205e-106,0.2596579834346,4.5289743057726e-14,0.667177741742389,0.2596579834346,25
"ENSG00000229598.1","midnightblue",0.663296229414592,7.87689378199532e-105,0.182044689237792,1.58406813964257e-07,0.663296229414592,0.182044689237792,26
"ENSG00000155903.14","midnightblue",0.660343759764891,1.35037277207164e-103,0.240348528986189,3.26111905141394e-12,0.660343759764891,0.240348528986189,27
"ENSG00000255423.1","midnightblue",0.656195989557195,6.92910658364312e-102,0.109330834917168,0.00173887081923753,0.656195989557195,0.109330834917168,28
"ENSG00000235910.2","midnightblue",0.651812576081913,4.15770704622585e-100,0.210912101697035,1.11744474570241e-09,0.651812576081913,0.210912101697035,29
"ENSG00000279434.1","midnightblue",0.647391913864296,2.41242844164027e-98,0.0942694484528789,0.00697449450023575,0.647391913864296,0.0942694484528789,30
"ENSG00000174611.12","blue",0.92129856959509,0,0.238403168262003,4.91832061383638e-12,0.92129856959509,0.238403168262003,1
"ENSG00000186051.7","blue",0.899811041375618,3.46765600978675e-296,0.192338641666072,2.94870382533547e-08,0.899811041375618,0.192338641666072,2
"ENSG00000132953.18","blue",0.896652855364101,5.57226030476166e-291,0.220676859608425,1.76298518659044e-10,0.896652855364101,0.220676859608425,3
"ENSG00000185745.10","blue",0.895711085375458,1.84444002396715e-289,0.146361542635244,2.64227376661349e-05,0.895711085375458,0.146361542635244,4
"ENSG00000288862.1","blue",0.890026983463251,1.38073278726191e-280,0.190980093759315,3.7010445227584e-08,0.890026983463251,0.190980093759315,5
"ENSG00000286452.1","blue",0.889989984202026,1.57131509796524e-280,0.161569553034765,3.40927932362827e-06,0.889989984202026,0.161569553034765,6
"ENSG00000134548.11","blue",0.889426290643247,1.12021070661431e-279,0.132069468913127,0.000151798942860278,0.889426290643247,0.132069468913127,7
"ENSG00000179564.4","blue",0.889361743775868,1.40178901565954e-279,0.173208442899416,6.22749952387911e-07,0.889361743775868,0.173208442899416,8
"ENSG00000100320.23","blue",0.888667959295932,1.54739212704304e-278,0.202874618885716,4.78537847504799e-09,0.888667959295932,0.202874618885716,9
"ENSG00000279609.1","blue",0.887738531227492,3.76650775085701e-277,0.186599342731865,7.61601160831391e-08,0.887738531227492,0.186599342731865,10
"ENSG00000246859.3","blue",0.88489051117626,5.61054187428971e-273,0.13748056858332,7.98755332896345e-05,0.88489051117626,0.13748056858332,11
"ENSG00000283787.2","blue",0.881852999173766,1.20182174720731e-268,0.153015238318414,1.10487450576573e-05,0.881852999173766,0.153015238318414,12
"ENSG00000073711.11","blue",0.87909639930829,8.09457390386391e-265,0.152009035193397,1.26360801515162e-05,0.87909639930829,0.152009035193397,13
"ENSG00000246695.9","blue",0.877762978352369,5.32828778574982e-263,0.175763590946308,4.22111374925635e-07,0.877762978352369,0.175763590946308,14
"ENSG00000146416.19","blue",0.876239442387565,6.00275238524489e-261,0.158807525368561,5.01750724574437e-06,0.876239442387565,0.158807525368561,15
"ENSG00000122477.13","blue",0.875744642156014,2.74706897751181e-260,0.0795547966607825,0.0228789033983589,0.875744642156014,0.0795547966607825,16
"ENSG00000285564.2","blue",0.874341115821784,1.98236970772552e-258,0.105069608305409,0.00262281105363079,0.874341115821784,0.105069608305409,17
"ENSG00000248538.9","blue",0.873870236803436,8.23464725484432e-258,0.154075956821546,9.58194816331892e-06,0.873870236803436,0.154075956821546,18
"ENSG00000252051.1","blue",0.873092233041618,8.55187805737813e-257,0.202491865311049,5.12110306212634e-09,0.873092233041618,0.202491865311049,19
"ENSG00000235070.3","blue",0.872785716782705,2.14124124636296e-256,0.139335097345513,6.37432074861645e-05,0.872785716782705,0.139335097345513,20
"ENSG00000135272.13","blue",0.871274965852739,1.90674530730305e-254,0.156608009099378,6.7939360446584e-06,0.871274965852739,0.156608009099378,21
"ENSG00000185271.9","blue",0.870861114096946,6.45752623719212e-254,0.201492741257499,6.1088680115697e-09,0.870861114096946,0.201492741257499,22
"ENSG00000107282.8","blue",0.86949366969638,3.52857780459272e-252,0.210000828430291,1.32168844229017e-09,0.86949366969638,0.210000828430291,23
"ENSG00000223784.2","blue",0.868050864538836,2.28930556671867e-250,0.0573935622786946,0.100934884343377,0.868050864538836,0.0573935622786946,24
"ENSG00000150722.11","blue",0.866235296043659,4.07179332629957e-248,0.131564009550336,0.000160984604652653,0.866235296043659,0.131564009550336,25
"ENSG00000159784.18","blue",0.864862623120905,1.94601619790053e-246,0.174174944491826,5.37923439851252e-07,0.864862623120905,0.174174944491826,26
"ENSG00000149575.9","blue",0.863276270292937,1.61086842056817e-244,0.149009571131417,1.87589428153275e-05,0.863276270292937,0.149009571131417,27
"ENSG00000188037.14","blue",0.86161509859006,1.54786796656469e-242,0.185137455709455,9.65324787410536e-08,0.86161509859006,0.185137455709455,28
"ENSG00000246465.1","blue",0.861198988248248,4.81208209912981e-242,0.12734206060401,0.00026083762803907,0.861198988248248,0.12734206060401,29
"ENSG00000152689.18","blue",0.861025062874479,7.72243095042633e-242,0.159727714110138,4.41457448974457e-06,0.861025062874479,0.159727714110138,30
"ENSG00000163565.20","pink",0.902155806267507,3.64138568044942e-300,0.213078620348224,7.47441836554577e-10,0.902155806267507,0.213078620348224,1
"ENSG00000077238.14","pink",0.878826959553659,1.89391256002391e-264,0.20206105533659,5.52636111511081e-09,0.878826959553659,0.20206105533659,2
"ENSG00000153815.18","pink",0.874843750101534,4.30782672894332e-259,0.22228746436686,1.28912395758861e-10,0.874843750101534,0.22228746436686,3
"ENSG00000145623.13","pink",0.873798813472658,1.02149551555802e-257,0.145147195929175,3.08567710428483e-05,0.873798813472658,0.145147195929175,4
"ENSG00000188313.13","pink",0.872481633870773,5.30987356020308e-256,0.231039313276654,2.2550417998485e-11,0.872481633870773,0.231039313276654,5
"ENSG00000069974.16","pink",0.863563122079408,7.27857349391604e-245,0.215470037577093,4.77120757098298e-10,0.863563122079408,0.215470037577093,6
"ENSG00000196954.14","pink",0.860266972536453,6.02385944848611e-241,0.208078197262443,1.87872227763012e-09,0.860266972536453,0.208078197262443,7
"ENSG00000185201.18","pink",0.847990675889898,3.41920521801523e-227,0.16997198614401,1.01090004603583e-06,0.847990675889898,0.16997198614401,8
"ENSG00000141753.7","pink",0.845966240431316,4.84153964477422e-225,0.22718819144687,4.89960426408119e-11,0.845966240431316,0.22718819144687,9
"ENSG00000142089.17","pink",0.842875798588602,8.11998951528774e-222,0.184193651664017,1.12383277943348e-07,0.842875798588602,0.184193651664017,10
"ENSG00000134285.11","pink",0.838409440603582,2.80826353543017e-217,0.179666535399859,2.30512865657028e-07,0.838409440603582,0.179666535399859,11
"ENSG00000140464.20","pink",0.830825525084923,7.02727422042016e-210,0.233475522950098,1.37035179559148e-11,0.830825525084923,0.233475522950098,12
"ENSG00000168404.13","pink",0.824932151555313,2.21904714123316e-204,0.184558960379314,1.05970551736731e-07,0.824932151555313,0.184558960379314,13
"ENSG00000176170.14","pink",0.818109440188565,2.88670635531875e-198,0.194787121950393,1.94965125641648e-08,0.818109440188565,0.194787121950393,14
"ENSG00000182240.16","pink",0.81641005461942,8.7782233097478e-197,0.118410599754434,0.000690327405232072,0.81641005461942,0.118410599754434,15
"ENSG00000213088.12","pink",0.815945281759737,2.21982000234739e-196,0.216541243454583,3.89549345112103e-10,0.815945281759737,0.216541243454583,16
"ENSG00000139146.14","pink",0.813313800497478,4.03818777170867e-194,0.110541589636584,0.00154316727306436,0.813313800497478,0.110541589636584,17
"ENSG00000105639.20","pink",0.809677533378714,4.68384302499445e-191,0.0938103555099005,0.00725598302722034,0.809677533378714,0.0938103555099005,18
"ENSG00000146112.12","pink",0.809303616051047,9.59325755228409e-191,0.0709528617626266,0.042483186021883,0.809303616051047,0.0709528617626266,19
"ENSG00000151789.12","pink",0.808728400393597,2.88143438956649e-190,0.180810109501198,1.92583983377459e-07,0.808728400393597,0.180810109501198,20
"ENSG00000187514.17","pink",0.808566057557374,3.9275344115213e-190,0.178219602446668,2.88915010263898e-07,0.808566057557374,0.178219602446668,21
"ENSG00000120254.16","pink",0.807572852973004,2.59570423960423e-189,0.143430403977012,3.83432222894063e-05,0.807572852973004,0.143430403977012,22
"ENSG00000139117.14","pink",0.807490360732181,3.03499178411837e-189,0.271938870930878,2.46481953000647e-15,0.807490360732181,0.271938870930878,23
"ENSG00000175471.20","pink",0.801706124125407,1.45512635049751e-184,0.16590608855258,1.83427939735978e-06,0.801706124125407,0.16590608855258,24
"ENSG00000198805.12","pink",0.800169265902324,2.40180594574115e-183,0.11579970185395,0.000906462358425012,0.800169265902324,0.11579970185395,25
"ENSG00000164056.11","pink",0.795135219453682,1.97477028532811e-179,0.286884642716122,5.80606381729213e-17,0.795135219453682,0.286884642716122,26
"ENSG00000182511.12","pink",0.794518237795232,5.85842595960081e-179,0.227360648243782,4.73368003933862e-11,0.794518237795232,0.227360648243782,27
"ENSG00000154640.15","pink",0.793523534387396,3.35557118265048e-178,0.191356738374346,3.47563314369861e-08,0.793523534387396,0.191356738374346,28
"ENSG00000097046.13","pink",0.786200727948064,9.55403074915573e-173,0.107273761321433,0.00212428709283089,0.786200727948064,0.107273761321433,29
"ENSG00000119314.16","pink",0.780333091144214,1.57699367044347e-168,0.144205907466202,3.47701409641121e-05,0.780333091144214,0.144205907466202,30
